rank,original_index,final_score,match_score,diversity_score,is_ground_truth,temperature,humidity,pressure
1,45053,1.0,1.0,0.4456832052956314,True,17.55555556,0.64,1016.9
2,711,1.0,1.0,1.0,True,17.26666667,0.41,1016.04
3,23249,1.0,1.0,0.8933619197749925,True,15.06111111,0.44,1015.49
4,17109,1.0,1.0,0.5497002440746301,True,16.0,0.57,1016.84
5,41677,1.0,1.0,0.6987039910678119,True,17.61111111,0.53,1016.23
6,13006,1.0,1.0,0.8089310194777183,True,16.71666667,0.48,1015.93
7,62161,1.0,1.0,0.48276185596846205,True,19.4,0.68,1014.39
8,13007,1.0,1.0,0.6875789472267884,True,16.17777778,0.52,1016.11
9,62160,1.0,1.0,0.5342426539245333,True,19.92777778,0.66,1014.19
10,23247,1.0,1.0,1.0,True,16.2,0.39,1015.89
11,23246,1.0,1.0,1.0,True,16.2,0.36,1016.38
12,13005,1.0,1.0,0.9703400098529411,True,17.82777778,0.43,1015.36
13,41676,1.0,1.0,0.816552146702949,True,17.04444444,0.48,1016.77
14,715,1.0,1.0,0.8932985621033149,True,15.08888889,0.44,1014.16
15,714,1.0,1.0,1.0,True,17.28888889,0.38,1014.36
16,713,1.0,1.0,1.0,True,17.38888889,0.37,1014.68
17,710,1.0,1.0,0.9399799640039532,True,16.25,0.43,1016.76
18,62162,1.0,1.0,0.46759433792748106,True,19.29444444,0.69,1014.41
19,12977,1.0,1.0,0.807382832559276,True,17.80555556,0.49,1013.62
20,12976,1.0,1.0,1.0,True,18.75,0.41,1013.55
21,12975,1.0,1.0,0.8590322171006228,True,18.72777778,0.48,1013.18
22,12974,1.0,1.0,0.5827720229114502,True,17.85,0.58,1013.1
23,74405,1.0,1.0,0.6090359036765385,True,19.9,0.61,1014.15
24,74398,1.0,1.0,0.6463106709302794,True,17.55,0.55,1016.33
25,49823,1.0,1.0,0.497309356078491,True,16.03888889,0.59,1013.46
26,31390,1.0,1.0,0.4685205201090958,True,19.44444444,0.7,1013.8
27,32290,1.0,1.0,0.5264703183381606,True,16.09444444,0.58,1016.93
28,49820,1.0,1.0,0.6427683830453915,True,18.81666667,0.57,1013.93
29,68249,1.0,1.0,0.354070481493473,True,17.06111111,0.68,1014.29
30,53911,1.0,1.0,0.5035116372059961,True,17.52777778,0.61,1014.43
31,68247,1.0,1.0,0.5391470182596132,True,17.87777778,0.6,1013.93
32,68246,1.0,1.0,0.6663044442671214,True,18.83888889,0.56,1014.02
33,41678,1.0,1.0,0.5763861991465674,True,16.03888889,0.56,1015.65
34,21216,1.0,1.0,0.6862594732055671,True,18.72222222,0.55,1016.48
35,13103,1.0,1.0,0.4783281348464354,True,19.29444444,0.68,1016.81
36,13080,1.0,1.0,0.30384737515973637,True,15.74444444,0.67,1013.35
37,8995,1.0,1.0,1.0,True,16.36111111,0.35,1016.1
38,74535,1.0,1.0,0.3222260530383014,True,16.13888889,0.67,1013.25
39,13085,1.0,1.0,0.26148052602363864,True,15.79444444,0.7,1014.8
40,74532,1.0,1.0,0.39955582675173357,True,17.37777778,0.66,1013.11
41,52004,1.0,1.0,0.5915766558490356,True,19.53333333,0.61,1013.95
42,74531,1.0,1.0,0.6623593763897253,True,18.73888889,0.56,1013.57
43,13086,1.0,1.0,0.4284459138453018,True,17.2,0.64,1015.44
44,74529,1.0,1.0,0.7028196135490914,True,17.78333333,0.53,1013.62
45,95007,1.0,1.0,0.5380236451076712,True,17.84444444,0.6,1014.37
46,76575,1.0,1.0,0.39178449373690927,True,15.04444444,0.62,1014.23
47,62238,1.0,1.0,0.4393190696399769,True,18.77222222,0.69,1016.82
48,70429,1.0,1.0,1.0,True,18.78888889,0.33,1013.6
49,66332,1.0,1.0,0.5366712809002286,True,19.11666667,0.63,1015.14
50,13083,1.0,1.0,0.34215352212082606,True,16.16111111,0.66,1013.96
51,78614,1.0,1.0,0.6285550546977757,True,17.76666667,0.56,1015.83
52,78561,1.0,1.0,0.6825815231863799,True,15.99444444,0.52,1013.87
53,78613,1.0,1.0,0.7348069220609743,True,18.75,0.53,1015.84
54,21264,1.0,1.0,0.5353788820209995,True,19.95,0.66,1014.03
55,25357,1.0,1.0,0.5260072852581824,True,16.14444444,0.58,1013.47
56,51982,1.0,1.0,0.527988346348061,True,18.94444444,0.63,1014.59
57,43789,1.0,1.0,0.5079749141644815,True,17.6,0.61,1016.97
58,27020,1.0,1.0,1.0,True,17.41111111,0.37,1016.13
59,62206,1.0,1.0,0.5269152898048108,True,18.91666667,0.63,1015.1
60,21237,1.0,1.0,0.46546844639979623,True,19.07222222,0.68,1016.25
61,21223,1.0,1.0,0.47260140401771367,True,18.75,0.66,1016.98
62,78567,1.0,1.0,0.47047169152905205,True,15.0,0.59,1015.73
63,62182,1.0,1.0,0.42019111584696095,True,18.26666667,0.68,1015.53
64,78565,1.0,1.0,0.5783754297794617,True,16.13333333,0.56,1014.67
65,78564,1.0,1.0,0.7097721440512277,True,17.10555556,0.52,1014.56
66,51939,1.0,1.0,0.4017776798209824,True,18.10555556,0.69,1017.0
67,68243,1.0,1.0,0.43777014782193524,True,17.77777778,0.65,1015.94
68,53904,1.0,1.0,0.4542187135294534,True,17.32777778,0.63,1016.0
69,53903,1.0,1.0,0.5954249559657852,True,18.7,0.59,1016.11
70,59967,1.0,1.0,1.0,True,15.86111111,0.4,1013.24
71,51813,1.0,1.0,0.39904468513092467,True,16.0,0.63,1013.95
72,51812,1.0,1.0,0.6315060493588986,True,17.87222222,0.56,1014.41
73,70241,1.0,1.0,0.921960692648036,True,15.04444444,0.43,1015.44
74,49760,1.0,1.0,0.5902284127237731,True,17.33888889,0.57,1016.62
75,49759,1.0,1.0,0.2979989067197303,True,15.05,0.66,1016.61
76,92765,1.0,1.0,0.5646703702518784,True,19.68888889,0.63,1014.43
77,12893,1.0,1.0,0.5052794627720427,True,17.55,0.61,1015.93
78,12889,1.0,1.0,0.82184393173504,True,19.15,0.5,1015.63
79,59990,1.0,1.0,0.9507366032538503,True,15.04444444,0.42,1015.13
80,92754,1.0,1.0,0.44004580787966124,True,17.82777778,0.65,1015.7
81,12871,1.0,1.0,0.5995493694528699,True,17.62777778,0.57,1015.62
82,14914,1.0,1.0,0.4996673490473095,True,19.94444444,0.7,1016.85
83,12866,1.0,1.0,0.6250857760257079,True,18.33333333,0.57,1015.77
84,12864,1.0,1.0,0.5107636722470753,True,15.55555556,0.58,1015.4
85,12863,1.0,1.0,0.7131656481522878,True,17.22222222,0.52,1015.21
86,35466,1.0,1.0,0.9916039972317847,True,18.72222222,0.43,1015.8
87,12862,1.0,1.0,0.9419456993083476,True,18.86666667,0.45,1015.21
88,59963,1.0,1.0,0.9617210608281827,True,15.88333333,0.42,1013.97
89,563,1.0,1.0,0.8223723363862111,True,16.03888889,0.47,1013.41
90,565,1.0,1.0,0.9099519848852741,True,16.20555556,0.44,1013.62
91,31284,1.0,1.0,1.0,True,17.22222222,0.41,1013.2
92,31283,1.0,1.0,0.7640260449652259,True,15.92222222,0.49,1013.08
93,562,1.0,1.0,0.6073559756534251,True,15.02777778,0.54,1013.36
94,12838,1.0,1.0,0.994249238398408,True,18.82222222,0.43,1016.21
95,53795,1.0,1.0,0.5809386850465652,True,19.98888889,0.63,1016.61
96,53793,1.0,1.0,0.3776620923142322,True,17.85,0.7,1016.16
97,543,1.0,1.0,0.8868049089766172,True,17.77777778,0.46,1013.02
98,47647,1.0,1.0,0.36769310850721787,True,17.68888889,0.7,1015.24
99,542,1.0,1.0,0.6385932893690944,True,16.42777778,0.54,1013.55
100,12824,1.0,1.0,0.7288386150338401,True,19.86666667,0.55,1014.26
101,14951,1.0,1.0,0.5929974349971349,True,19.56111111,0.61,1014.21
102,14952,1.0,1.0,0.38402336814864535,True,17.98888889,0.7,1014.03
103,49771,1.0,1.0,0.6405305711157632,True,18.13333333,0.56,1014.22
104,60012,1.0,1.0,0.6059210238120917,True,16.17777778,0.55,1014.42
105,35468,1.0,1.0,0.4452081579167066,True,15.04444444,0.6,1016.17
106,35467,1.0,1.0,0.7891778575213019,True,17.05,0.49,1015.89
107,70282,1.0,1.0,0.6855869917674524,True,16.11111111,0.52,1014.97
108,35465,1.0,1.0,0.9945341644468358,True,18.83888889,0.43,1015.77
109,60039,1.0,1.0,0.7527427741774605,True,17.71111111,0.51,1015.0
110,60038,1.0,1.0,0.753490385130329,True,17.73333333,0.51,1015.32
111,60036,1.0,1.0,0.525977925962213,True,16.09444444,0.58,1016.13
112,47747,1.0,1.0,0.5256713591489033,True,18.52222222,0.62,1013.38
113,8827,1.0,1.0,0.8288672286277751,True,16.33333333,0.47,1016.2
114,43646,1.0,1.0,0.5813786115494617,True,17.10555556,0.57,1014.36
115,43648,1.0,1.0,0.7496414394480266,True,17.61666667,0.51,1013.7
116,43647,1.0,1.0,0.7502001302458182,True,17.63333333,0.51,1013.98
117,49783,1.0,1.0,0.40811381519694506,True,17.49444444,0.66,1016.97
118,43645,1.0,1.0,0.42434448191513413,True,16.03888889,0.62,1014.86
119,8826,1.0,1.0,1.0,True,17.97777778,0.37,1016.21
120,70267,1.0,1.0,1.0,True,16.13333333,0.39,1014.11
121,70266,1.0,1.0,1.0,True,17.24444444,0.37,1014.11
122,70264,1.0,1.0,1.0,True,17.31111111,0.34,1014.39
123,8823,1.0,1.0,1.0,True,19.97222222,0.32,1016.73
124,76407,1.0,1.0,0.5766946708116885,True,19.90555556,0.63,1016.56
125,70262,1.0,1.0,1.0,True,17.33333333,0.33,1015.04
126,23152,1.0,1.0,1.0,True,16.27777778,0.37,1013.48
127,23150,1.0,1.0,1.0,True,17.72777778,0.35,1013.16
128,23151,1.0,1.0,1.0,True,17.72777778,0.33,1013.37
129,23153,1.0,1.0,1.0,True,15.01666667,0.39,1013.76
130,60014,1.0,1.0,0.9276913421242884,True,17.15,0.44,1013.32
131,49773,1.0,1.0,0.2670960542069056,True,15.30555556,0.68,1015.19
132,60013,1.0,1.0,0.7975166743597337,True,16.19444444,0.48,1014.05
133,23149,1.0,1.0,1.0,True,16.97222222,0.31,1013.19
134,13088,1.0,1.0,0.7110175431126607,True,19.94444444,0.56,1016.3
135,15154,1.0,1.0,1.0,True,17.71111111,0.31,1015.34
136,45052,1.0,1.0,0.4612496225426555,True,18.24444444,0.65,1016.54
137,15345,1.0,1.0,0.4539906100041077,True,16.20555556,0.61,1014.89
138,68629,1.0,1.0,0.4238302686407482,True,15.22777778,0.61,1015.84
139,68627,1.0,1.0,0.4210802398015452,True,15.11666667,0.61,1016.33
140,74765,1.0,1.0,0.6380615408030942,True,18.7,0.57,1013.52
141,74756,1.0,1.0,0.4836311079601185,True,15.53888889,0.59,1014.73
142,74754,1.0,1.0,0.7799005078006024,True,17.75555556,0.5,1014.33
143,21506,1.0,1.0,0.39548081910990673,True,16.45,0.64,1014.84
144,23552,1.0,1.0,0.584794554256877,True,18.96111111,0.6,1013.84
145,23551,1.0,1.0,0.38091753655836486,True,16.98888889,0.66,1013.86
146,23539,1.0,1.0,0.6897091917782284,True,18.16666667,0.54,1013.0
147,74742,1.0,1.0,0.565928390689329,True,18.96111111,0.61,1015.55
148,15348,1.0,1.0,0.5299752914487478,True,16.25,0.58,1015.14
149,23540,1.0,1.0,0.4296543515720298,True,16.20555556,0.62,1013.81
150,15347,1.0,1.0,0.7307616042991856,True,17.84444444,0.52,1015.11
151,15346,1.0,1.0,0.6651394953546922,True,17.36111111,0.54,1014.98
152,15344,1.0,1.0,0.4286680705359168,True,16.16111111,0.62,1014.8
153,21526,1.0,1.0,0.8294774882136263,True,19.37777778,0.5,1016.28
154,9188,1.0,1.0,0.7951557599857456,True,17.29444444,0.49,1016.07
155,9187,1.0,1.0,0.5351346635148099,True,17.15,0.59,1015.64
156,9186,1.0,1.0,0.9991968125464563,True,19.02222222,0.43,1015.64
157,23515,1.0,1.0,0.8796055947890071,True,18.52777778,0.47,1013.6
158,41942,1.0,1.0,0.6962005898310449,True,17.54444444,0.53,1015.0
159,41941,1.0,1.0,0.8542598043475782,True,18.53888889,0.48,1015.19
160,74706,1.0,1.0,0.46151535817328904,True,17.92222222,0.64,1014.97
161,74705,1.0,1.0,0.4515483163256425,True,18.07222222,0.65,1014.86
162,74693,1.0,1.0,0.5305687105946787,True,17.01111111,0.59,1016.22
163,62404,1.0,1.0,0.38951748669289943,True,17.47222222,0.67,1014.07
164,70597,1.0,1.0,0.8380241884422269,True,18.88333333,0.49,1013.46
165,70596,1.0,1.0,0.7040596642571,True,17.82222222,0.53,1013.77
166,70595,1.0,1.0,0.609409222780422,True,17.21111111,0.56,1013.8
167,21440,1.0,1.0,0.5076254915011962,True,19.63333333,0.67,1016.48
168,21525,1.0,1.0,0.7648161986156533,True,18.91666667,0.52,1015.8
169,21528,1.0,1.0,0.4129712445938281,True,15.67222222,0.62,1016.49
170,13106,1.0,1.0,0.3883767993222009,True,17.88333333,0.69,1015.84
171,62504,1.0,1.0,0.5329385383128433,True,18.66666667,0.62,1014.64
172,44104,1.0,1.0,1.0,True,19.97777778,0.31,1015.23
173,44102,1.0,1.0,1.0,True,19.05555556,0.33,1016.37
174,68674,1.0,1.0,0.47758673280364905,True,17.41111111,0.62,1014.8
175,9284,1.0,1.0,0.8269948348554216,True,16.22222222,0.47,1016.86
176,68675,1.0,1.0,0.6965010642175294,True,19.02777778,0.55,1014.21
177,1090,1.0,1.0,0.5143285810672739,True,19.93333333,0.68,1016.62
178,25665,1.0,1.0,0.5719880463537856,True,19.82222222,0.63,1015.64
179,95292,1.0,1.0,0.4215080828447874,True,15.17777778,0.61,1014.52
180,95291,1.0,1.0,0.48911931761621774,True,15.73888889,0.59,1014.59
181,1076,1.0,1.0,0.5434410713002006,True,19.85,0.65,1015.08
182,68654,1.0,1.0,0.3832486009231388,True,17.77777778,0.69,1016.77
183,1065,1.0,1.0,0.5646155107283928,True,19.97777778,0.64,1015.63
184,74793,1.0,1.0,0.9728196767056712,True,19.95,0.45,1015.1
185,62503,1.0,1.0,0.4265959148878482,True,17.17222222,0.64,1014.54
186,21544,1.0,1.0,0.42618386055678,True,17.15,0.64,1015.41
187,68630,1.0,1.0,0.4562758782426981,True,16.25,0.61,1016.04
188,21546,1.0,1.0,0.3255310545261898,True,16.17777778,0.67,1015.02
189,21545,1.0,1.0,0.3868020395180408,True,16.22777778,0.64,1015.47
190,74792,1.0,1.0,0.5177882352107049,True,17.86111111,0.61,1015.39
191,95271,1.0,1.0,0.545713982640969,True,19.63333333,0.64,1013.51
192,21539,1.0,1.0,0.342413938378819,True,17.05555556,0.69,1015.68
193,62500,1.0,1.0,0.5518667352259036,True,17.61666667,0.59,1014.96
194,62499,1.0,1.0,0.6212202196921304,True,18.23888889,0.57,1015.04
195,62498,1.0,1.0,0.7510743033941145,True,19.22777778,0.53,1015.06
196,56353,1.0,1.0,0.44257414020371105,True,17.87222222,0.65,1016.2
197,62496,1.0,1.0,0.7339058736124516,True,19.39444444,0.54,1015.73
198,95262,1.0,1.0,0.3904298560750735,True,17.92222222,0.69,1015.68
199,56350,1.0,1.0,0.48313230794189044,True,19.4,0.68,1015.03
200,21533,1.0,1.0,0.2791922715828426,True,15.11111111,0.67,1016.51
201,21527,1.0,1.0,0.6904138588382612,True,18.14444444,0.54,1016.53
202,74687,1.0,1.0,0.38129443258395573,True,15.45555556,0.63,1016.12
203,74686,1.0,1.0,0.6311071063876683,True,17.06111111,0.55,1015.97
204,74685,1.0,1.0,0.5925855621285622,True,16.62222222,0.56,1015.96
205,72542,1.0,1.0,0.9259853993091464,True,17.05,0.44,1014.5
206,35700,1.0,1.0,0.49815153535982215,True,16.80555556,0.6,1013.65
207,52082,1.0,1.0,0.5283613576620085,True,16.97222222,0.59,1014.71
208,41842,1.0,1.0,0.2914921854438788,True,15.85,0.68,1013.58
209,23408,1.0,1.0,0.6995840838267119,True,18.45555556,0.54,1013.52
210,43888,1.0,1.0,1.0,True,16.06111111,0.31,1013.64
211,23407,1.0,1.0,0.2665172047829324,True,15.66666667,0.69,1013.37
212,25452,1.0,1.0,0.8499183859039832,True,19.97777778,0.5,1016.85
213,25450,1.0,1.0,0.35490117641428487,True,17.03888889,0.68,1016.67
214,13161,1.0,1.0,0.6115031648923447,True,19.95555556,0.61,1013.7
215,15203,1.0,1.0,0.6028387791828858,True,17.73333333,0.57,1014.8
216,15202,1.0,1.0,0.6032559923222918,True,18.36666667,0.58,1014.96
217,72544,1.0,1.0,0.5265517406876089,True,15.11666667,0.57,1014.33
218,72543,1.0,1.0,0.8158023760844059,True,17.05,0.48,1014.39
219,41823,1.0,1.0,0.34978968946360406,True,16.31666667,0.66,1014.68
220,41820,1.0,1.0,0.6516491319920331,True,19.02777778,0.57,1015.22
221,83636,1.0,1.0,0.43101525897997495,True,15.50555556,0.61,1014.41
222,72540,1.0,1.0,0.7936006961806578,True,15.96666667,0.48,1015.26
223,41818,1.0,1.0,0.4509103675137882,True,17.24444444,0.63,1016.42
224,43723,1.0,1.0,0.4766890194570499,True,18.83888889,0.66,1016.09
225,13132,1.0,1.0,0.41377704868162707,True,17.63888889,0.66,1014.88
226,13129,1.0,1.0,0.54356329861735,True,18.88333333,0.62,1015.68
227,66375,1.0,1.0,0.4342161158066312,True,18.7,0.69,1015.44
228,41798,1.0,1.0,0.6301012882166334,True,17.84444444,0.56,1013.31
229,41797,1.0,1.0,0.7637906916935044,True,18.91111111,0.52,1013.49
230,41796,1.0,1.0,0.688974329425079,True,18.82777778,0.55,1013.82
231,41794,1.0,1.0,0.3769939228962966,True,17.22222222,0.67,1014.61
232,15165,1.0,1.0,1.0,True,15.53333333,0.4,1013.64
233,95008,1.0,1.0,0.4338219018037029,True,17.32777778,0.64,1014.85
234,86840,1.0,1.0,0.5049064611425917,True,19.76666667,0.68,1016.68
235,15156,1.0,1.0,1.0,True,18.97777778,0.3,1014.33
236,23410,1.0,1.0,0.866283902220737,True,19.76666667,0.49,1014.32
237,33657,1.0,1.0,0.5268705189208144,True,16.11111111,0.58,1016.8
238,13178,1.0,1.0,0.41893653802570424,True,18.45555556,0.69,1013.29
239,23419,1.0,1.0,0.23270319703070397,True,15.26666667,0.7,1014.17
240,74683,1.0,1.0,0.4756889601671819,True,16.11666667,0.6,1015.33
241,74682,1.0,1.0,0.7544097982198262,True,17.77777778,0.51,1014.43
242,25526,1.0,1.0,0.9722567650279323,True,17.89444444,0.43,1016.7
243,25523,1.0,1.0,0.7347062345345404,True,15.78333333,0.5,1016.45
244,76721,1.0,1.0,0.42116111797453537,True,17.03888889,0.64,1015.3
245,76720,1.0,1.0,0.7159767424563173,True,18.18888889,0.53,1014.97
246,74670,1.0,1.0,0.7769142018977006,True,19.93333333,0.53,1015.15
247,74669,1.0,1.0,0.5722833717645958,True,17.53888889,0.58,1014.97
248,83633,1.0,1.0,0.8587737648774264,True,19.53333333,0.49,1014.69
249,39850,1.0,1.0,0.3868057417649829,True,17.87222222,0.69,1014.58
250,84898,1.0,1.0,0.40544805596104455,True,17.48888889,0.66,1013.67
251,76696,1.0,1.0,0.48310290724974225,True,16.31111111,0.6,1016.96
252,62359,1.0,1.0,0.4874646470252708,True,19.61666667,0.69,1016.53
253,76693,1.0,1.0,0.897347386095927,True,19.11666667,0.47,1016.82
254,39827,1.0,1.0,0.7054384525797602,True,19.83888889,0.56,1013.15
255,62353,1.0,1.0,0.5549132435014007,True,18.70555556,0.61,1016.42
256,27535,1.0,1.0,0.5169427514355538,True,20.0,0.68,1014.6
257,52107,1.0,1.0,0.4314610050005862,True,15.53333333,0.61,1013.76
258,52105,1.0,1.0,0.6386902090212254,True,18.07777778,0.56,1014.5
259,52104,1.0,1.0,0.5938042031694097,True,18.12222222,0.58,1014.89
260,52103,1.0,1.0,0.7127469984038233,True,19.45,0.55,1014.85
261,33669,1.0,1.0,0.40377134315272806,True,18.33333333,0.7,1013.8
262,33668,1.0,1.0,0.45344179731014533,True,18.88888889,0.68,1013.4
263,9091,1.0,1.0,1.0,True,17.4,0.34,1014.44
264,15225,1.0,1.0,0.6559650993305108,True,17.07222222,0.54,1013.15
265,23418,1.0,1.0,0.4450922859160899,True,17.15555556,0.63,1013.25
266,9085,1.0,1.0,1.0,True,19.05,0.33,1015.82
267,9084,1.0,1.0,1.0,True,18.96111111,0.3,1016.31
268,9082,1.0,1.0,1.0,True,16.16111111,0.36,1016.82
269,12823,1.0,1.0,0.41661229474811934,True,17.71111111,0.66,1013.62
270,14870,1.0,1.0,0.3978174933576494,True,18.06111111,0.69,1015.13
271,88581,1.0,1.0,0.5967250596051775,True,19.65,0.61,1013.13
272,2173,1.0,1.0,0.32575173507722965,True,15.21111111,0.65,1015.99
273,53423,1.0,1.0,0.24160844720849678,True,15.40555556,0.7,1015.53
274,53422,1.0,1.0,0.3801058444891187,True,16.95,0.66,1015.33
275,53421,1.0,1.0,0.5512747052430074,True,18.63888889,0.61,1015.21
276,80039,1.0,1.0,0.4998953770312749,True,19.96111111,0.7,1015.67
277,83479,1.0,1.0,0.536183529781975,True,17.77777778,0.6,1015.9
278,53411,1.0,1.0,0.6552703591185262,True,19.62222222,0.58,1016.08
279,88216,1.0,1.0,0.663035714110794,True,17.26666667,0.54,1016.49
280,6297,1.0,1.0,0.5777672642933804,True,19.92777778,0.63,1016.47
281,6296,1.0,1.0,0.44015679005249225,True,18.79444444,0.69,1016.24
282,53395,1.0,1.0,0.7623832260450142,True,18.84444444,0.52,1015.72
283,57487,1.0,1.0,0.6445656694652012,True,18.83333333,0.57,1016.46
284,6541,1.0,1.0,0.5341541177278657,True,17.11111111,0.59,1016.33
285,133,1.0,1.0,0.4718022471532306,True,15.09444444,0.59,1014.16
286,18559,1.0,1.0,0.40746635249274377,True,17.52777778,0.66,1013.78
287,30842,1.0,1.0,0.5113659039504252,True,19.48333333,0.66,1016.44
288,69809,1.0,1.0,0.6095119544989647,True,19.03888889,0.59,1015.78
289,34939,1.0,1.0,0.5367813475081049,True,17.77777778,0.6,1016.9
290,34938,1.0,1.0,0.7799600365137451,True,20.0,0.53,1016.5
291,18553,1.0,1.0,0.7941299269912373,True,19.07777778,0.51,1014.07
292,45172,1.0,1.0,0.4895164864059476,True,19.78888889,0.7,1015.21
293,90227,1.0,1.0,0.6596325610607352,True,17.2,0.54,1013.08
294,90226,1.0,1.0,0.6798793164376518,True,16.98888889,0.53,1013.5
295,90225,1.0,1.0,0.5230647626795759,True,16.03888889,0.58,1013.71
296,90224,1.0,1.0,0.4471985552358112,True,16.01666667,0.61,1014.25
297,45166,1.0,1.0,0.38866893257684426,True,17.15,0.66,1013.7
298,34924,1.0,1.0,0.3418319914130832,True,15.0,0.64,1015.9
299,69738,1.0,1.0,0.7928755439123563,True,17.19444444,0.49,1016.48
300,69737,1.0,1.0,0.9167946189974606,True,17.85555556,0.45,1016.43
301,69736,1.0,1.0,0.9952329453541104,True,18.86111111,0.43,1016.2
302,69735,1.0,1.0,0.8889098380660662,True,17.82222222,0.46,1016.31
303,6320,1.0,1.0,0.5070869420432611,True,19.97222222,0.69,1015.04
304,69808,1.0,1.0,0.6724551963567917,True,18.97777778,0.56,1016.03
305,43522,1.0,1.0,0.6641068982704451,True,19.83888889,0.58,1014.93
306,205,1.0,1.0,0.6267732410379498,True,17.75,0.56,1013.03
307,229,1.0,1.0,0.45808073696093377,True,17.87222222,0.64,1013.11
308,69860,1.0,1.0,0.33921166894623567,True,17.02777778,0.69,1013.62
309,8418,1.0,1.0,1.0,True,19.92777778,0.41,1016.77
310,69853,1.0,1.0,0.7787038290034118,True,19.97222222,0.53,1015.99
311,14555,1.0,1.0,0.6860167609284948,True,16.13333333,0.52,1014.81
312,53469,1.0,1.0,1.0,True,18.75,0.41,1014.26
313,69852,1.0,1.0,0.7630527145392171,True,18.86111111,0.52,1016.01
314,69851,1.0,1.0,0.6300048227561956,True,17.80555556,0.56,1016.09
315,69850,1.0,1.0,0.5353408740981551,True,17.15,0.59,1016.0
316,61652,1.0,1.0,1.0,True,16.24444444,0.4,1016.52
317,12500,1.0,1.0,0.7694815842438177,True,19.04444444,0.52,1016.71
318,61651,1.0,1.0,1.0,True,17.87222222,0.37,1016.3
319,69835,1.0,1.0,0.6611654769390201,True,17.24444444,0.54,1013.7
320,53456,1.0,1.0,0.8244398307802157,True,18.41666667,0.49,1014.09
321,6347,1.0,1.0,0.37484482350024595,True,17.17777778,0.67,1014.78
322,69811,1.0,1.0,0.5359180297211378,True,17.77777778,0.6,1015.43
323,204,1.0,1.0,0.42899612755535604,True,16.2,0.62,1013.02
324,69836,1.0,1.0,0.3946680050077709,True,15.14444444,0.62,1014.15
325,203,1.0,1.0,0.5834392530520335,True,17.18333333,0.57,1013.27
326,202,1.0,1.0,0.2713610933626061,True,15.0,0.67,1013.4
327,12489,1.0,1.0,0.8373718440441654,True,18.84444444,0.49,1015.09
328,53444,1.0,1.0,0.9266441632685848,True,19.27222222,0.46,1013.54
329,69824,1.0,1.0,0.4674125368640839,True,16.60555556,0.61,1013.57
330,88256,1.0,1.0,0.5534215043022404,True,19.11666667,0.62,1013.44
331,88255,1.0,1.0,0.44926078377142226,True,17.24444444,0.63,1013.86
332,53433,1.0,1.0,0.4589818554338184,True,17.85,0.64,1016.31
333,69810,1.0,1.0,0.643372724350819,True,18.81666667,0.57,1015.33
334,26805,1.0,1.0,1.0,True,15.0,0.36,1015.5
335,26803,1.0,1.0,1.0,True,17.77777778,0.33,1015.4
336,26804,1.0,1.0,1.0,True,16.2,0.35,1015.37
337,69734,1.0,1.0,1.0,True,17.94444444,0.42,1016.65
338,69733,1.0,1.0,1.0,True,18.79444444,0.41,1016.61
339,69731,1.0,1.0,0.6866053184968499,True,16.11666667,0.52,1016.95
340,8215,1.0,1.0,0.6017987597278524,True,16.93888889,0.56,1015.61
341,70428,1.0,1.0,0.9670872823145844,True,17.7,0.43,1013.81
342,8231,1.0,1.0,0.6747547051289154,True,19.59444444,0.57,1015.38
343,32802,1.0,1.0,1.0,True,17.77777778,0.4,1015.9
344,36,1.0,1.0,0.9189026335765385,True,19.00555556,0.46,1013.04
345,94240,1.0,1.0,0.7163265769452837,True,16.22777778,0.51,1016.78
346,32800,1.0,1.0,1.0,True,20.0,0.4,1015.27
347,51233,1.0,1.0,0.2763996477899375,True,15.04444444,0.67,1016.48
348,32801,1.0,1.0,1.0,True,20.0,0.37,1015.4
349,51232,1.0,1.0,0.5623972379882786,True,17.24444444,0.58,1015.86
350,13846,1.0,1.0,0.4878730996664247,True,19.46666667,0.68,1016.58
351,94238,1.0,1.0,0.8911831271461471,True,18.91111111,0.47,1016.22
352,94237,1.0,1.0,0.9211179093822479,True,19.05,0.46,1016.23
353,51226,1.0,1.0,0.690222649378811,True,19.96666667,0.57,1014.98
354,8217,1.0,1.0,0.7337630439723513,True,18.72222222,0.53,1015.59
355,8213,1.0,1.0,0.3230389700184103,True,15.13333333,0.65,1016.12
356,69730,1.0,1.0,0.392465730408768,True,15.0,0.62,1016.8
357,8212,1.0,1.0,0.3795900476325401,True,15.40555556,0.63,1016.09
358,61455,1.0,1.0,0.9153203051330788,True,17.82777778,0.45,1013.84
359,61457,1.0,1.0,0.8475008437544945,True,17.26111111,0.47,1013.06
360,61456,1.0,1.0,0.9151771227619372,True,17.82777778,0.45,1013.32
361,15,1.0,1.0,0.9173104741504212,True,18.91111111,0.46,1016.47
362,61453,1.0,1.0,0.9581829917768253,True,17.26666667,0.43,1014.62
363,61452,1.0,1.0,0.7977074193011676,True,16.18333333,0.48,1015.22
364,61451,1.0,1.0,0.7095712072546159,True,15.93888889,0.51,1015.39
365,32778,1.0,1.0,0.7800745500288044,True,17.77777778,0.5,1013.0
366,94216,1.0,1.0,1.0,True,16.18333333,0.4,1014.09
367,94215,1.0,1.0,1.0,True,17.8,0.38,1013.73
368,51207,1.0,1.0,0.38080235375880434,True,17.89444444,0.7,1016.86
369,32770,1.0,1.0,0.7202199341363706,True,19.01111111,0.54,1016.47
370,32769,1.0,1.0,0.6619871091254659,True,17.22222222,0.54,1017.0
371,18466,1.0,1.0,0.5348210016099242,True,17.77777778,0.6,1013.26
372,8234,1.0,1.0,0.47721201038680644,True,17.86111111,0.63,1014.91
373,18467,1.0,1.0,0.8478398740692529,True,19.95,0.5,1013.6
374,32803,1.0,1.0,0.9951004872489224,True,16.14444444,0.41,1016.86
375,45152,1.0,1.0,0.5505073619274578,True,18.64444444,0.61,1013.11
376,84059,1.0,1.0,1.0,True,15.90555556,0.33,1015.35
377,53328,1.0,1.0,0.5341784781931779,True,19.91111111,0.66,1015.77
378,34893,1.0,1.0,0.4495224886794866,True,17.22222222,0.63,1015.8
379,34892,1.0,1.0,0.5668182233497094,True,17.37777778,0.58,1015.45
380,34891,1.0,1.0,0.7287955695927528,True,17.77777778,0.52,1015.1
381,18506,1.0,1.0,0.5954153477070817,True,18.16666667,0.58,1014.71
382,8260,1.0,1.0,0.4174385233932523,True,17.7,0.66,1015.7
383,8259,1.0,1.0,0.4369290455236324,True,17.77777778,0.65,1014.69
384,57409,1.0,1.0,0.4980862342916051,True,19.26111111,0.66,1014.19
385,8256,1.0,1.0,0.7065299920186766,True,19.28333333,0.55,1015.25
386,26680,1.0,1.0,0.7809724670997957,True,17.77777778,0.5,1015.6
387,73784,1.0,1.0,0.36310819236648795,True,17.19444444,0.68,1016.67
388,26682,1.0,1.0,0.6857695562123022,True,16.11111111,0.52,1015.4
389,26683,1.0,1.0,0.5801144921846905,True,15.0,0.55,1015.9
390,32825,1.0,1.0,0.9299205318457064,True,17.22222222,0.44,1015.8
391,26681,1.0,1.0,0.7548467574578657,True,17.77777778,0.51,1015.58
392,32824,1.0,1.0,0.9319049005229109,True,17.31111111,0.44,1016.17
393,32823,1.0,1.0,0.9301573386324935,True,17.22222222,0.44,1016.5
394,26678,1.0,1.0,0.8607104072277729,True,18.75,0.48,1016.35
395,26677,1.0,1.0,0.4381746177640497,True,17.77777778,0.65,1016.5
396,26676,1.0,1.0,0.629319122352637,True,17.77777778,0.56,1016.6
397,30766,1.0,1.0,0.4988281724885794,True,18.33333333,0.63,1014.6
398,26674,1.0,1.0,0.6293710508617306,True,17.77777778,0.56,1016.7
399,8241,1.0,1.0,0.48976910014037256,True,18.81666667,0.65,1015.8
400,8239,1.0,1.0,0.3711306138209812,True,17.1,0.67,1015.11
401,18478,1.0,1.0,0.5106580374572917,True,16.45555556,0.59,1014.08
402,75822,1.0,1.0,0.7146064447786229,True,16.20555556,0.51,1013.77
403,8233,1.0,1.0,0.4376336444104077,True,18.1,0.66,1015.41
404,41194,1.0,1.0,0.6712371508979312,True,18.97222222,0.56,1013.64
405,41195,1.0,1.0,0.7524197067338874,True,19.90555556,0.54,1013.36
406,76012,1.0,1.0,0.37980174960229185,True,17.53333333,0.68,1014.96
407,6544,1.0,1.0,0.8037534837231167,True,18.57222222,0.5,1015.37
408,6563,1.0,1.0,0.7775115135903207,True,19.95555556,0.53,1014.49
409,6562,1.0,1.0,0.6400124993910661,True,18.73333333,0.57,1015.08
410,6561,1.0,1.0,0.3756783898804752,True,17.82777778,0.7,1015.28
411,4510,1.0,1.0,0.3604521424558668,True,16.50555556,0.66,1016.95
412,4508,1.0,1.0,0.5429720728536023,True,17.94444444,0.6,1016.07
413,76185,1.0,1.0,0.4002276264371585,True,16.04444444,0.63,1013.19
414,6545,1.0,1.0,0.7010920242344784,True,17.70555556,0.53,1015.23
415,14742,1.0,1.0,0.4249910324117141,True,17.13333333,0.64,1014.75
416,14735,1.0,1.0,0.7747379038470436,True,19.21666667,0.52,1015.19
417,43409,1.0,1.0,0.6021621357285941,True,18.86111111,0.59,1016.12
418,43403,1.0,1.0,0.6615891100692182,True,18.7,0.56,1015.24
419,6542,1.0,1.0,0.5539251897236566,True,18.68888889,0.61,1015.99
420,6546,1.0,1.0,0.5322846682494075,True,17.07777778,0.59,1015.12
421,43408,1.0,1.0,0.6690376602820889,True,18.88888889,0.56,1015.97
422,6543,1.0,1.0,0.8070136101155934,True,18.67777778,0.5,1015.52
423,6521,1.0,1.0,0.6971660778100495,True,17.55,0.53,1016.81
424,14734,1.0,1.0,0.8191545721522836,True,19.8,0.51,1015.42
425,27019,1.0,1.0,1.0,True,17.77777778,0.37,1015.5
426,43404,1.0,1.0,0.7644346876298945,True,18.91111111,0.52,1015.3
427,6539,1.0,1.0,0.4186275632895871,True,16.95555556,0.64,1016.83
428,43402,1.0,1.0,0.5111778096152214,True,17.71111111,0.61,1014.72
429,43401,1.0,1.0,0.3540933302520323,True,17.06111111,0.68,1014.32
430,18824,1.0,1.0,0.47417766403378014,True,18.78888889,0.66,1016.29
431,18823,1.0,1.0,0.36809058649673254,True,17.68888889,0.7,1015.73
432,18820,1.0,1.0,0.3783489808500018,True,17.24444444,0.67,1014.9
433,18819,1.0,1.0,0.4392389235212032,True,17.82222222,0.65,1014.9
434,12672,1.0,1.0,0.5228920601935215,True,18.85,0.63,1013.55
435,18817,1.0,1.0,0.5241850831895052,True,18.86666667,0.63,1014.52
436,18816,1.0,1.0,0.5241746031147938,True,18.86666667,0.63,1014.5
437,379,1.0,1.0,0.4056293222681378,True,18.01111111,0.68,1014.78
438,53666,1.0,1.0,0.4483986014574145,True,18.94444444,0.69,1015.79
439,93299,1.0,1.0,0.8194355747471609,True,17.22222222,0.48,1013.21
440,84397,1.0,1.0,1.0,True,17.16666667,0.4,1013.73
441,84398,1.0,1.0,0.7956167667416129,True,16.10555556,0.48,1013.49
442,35325,1.0,1.0,0.4953909151590186,True,15.95,0.59,1014.84
443,35324,1.0,1.0,0.45110628071375874,True,16.12222222,0.61,1014.83
444,35323,1.0,1.0,0.6284679337365907,True,17.77777778,0.56,1014.84
445,18935,1.0,1.0,0.38645232042310473,True,17.38333333,0.67,1016.13
446,78327,1.0,1.0,0.5168947377602958,True,20.0,0.68,1014.51
447,18933,1.0,1.0,0.7524082206667688,True,19.88333333,0.54,1015.68
448,35103,1.0,1.0,1.0,True,16.08333333,0.39,1013.46
449,16865,1.0,1.0,1.0,True,19.97222222,0.38,1014.68
450,18910,1.0,1.0,0.47087848381561337,True,19.46666667,0.7,1015.58
451,16861,1.0,1.0,1.0,True,19.95,0.41,1016.52
452,16857,1.0,1.0,0.27575890349873,True,15.02222222,0.67,1016.71
453,468,1.0,1.0,0.4737508142867974,True,19.05555556,0.67,1013.0
454,25042,1.0,1.0,0.5550002687692183,True,19.77777778,0.64,1016.96
455,76241,1.0,1.0,0.4176190625642395,True,17.68888889,0.66,1016.68
456,16845,1.0,1.0,0.628239498698436,True,17.75,0.56,1016.33
457,14796,1.0,1.0,0.6853527688948234,True,19.86111111,0.57,1013.99
458,14795,1.0,1.0,0.5381567528036836,True,17.85,0.6,1014.19
459,14794,1.0,1.0,0.5661097541985408,True,17.37222222,0.58,1014.43
460,14793,1.0,1.0,0.2772451476812511,True,15.11666667,0.67,1014.48
461,35272,1.0,1.0,0.29422800535128657,True,15.00555556,0.66,1014.57
462,453,1.0,1.0,0.3755087936496421,True,17.2,0.67,1014.13
463,452,1.0,1.0,0.5139965795681627,True,18.26111111,0.62,1013.75
464,16833,1.0,1.0,0.7516569329273515,True,19.86111111,0.54,1015.94
465,53693,1.0,1.0,0.5936698470743251,True,19.57777778,0.61,1013.96
466,16827,1.0,1.0,0.33994031723171153,True,16.08888889,0.66,1015.23
467,76213,1.0,1.0,0.7052798452381699,True,17.82222222,0.53,1016.71
468,76212,1.0,1.0,0.6286650886257119,True,17.75555556,0.56,1016.79
469,76211,1.0,1.0,0.6039526083875106,True,17.73333333,0.57,1016.98
470,26137,1.0,1.0,0.2660159626879204,True,15.88333333,0.7,1014.54
471,67963,1.0,1.0,0.48025972641172415,True,18.9,0.66,1016.59
472,6520,1.0,1.0,0.7822776473920734,True,17.80555556,0.5,1016.94
473,76013,1.0,1.0,0.620282543607119,True,18.79444444,0.58,1015.05
474,35106,1.0,1.0,1.0,True,16.08333333,0.34,1013.73
475,8495,1.0,1.0,0.39473993399790674,True,17.82777778,0.68,1013.47
476,61738,1.0,1.0,0.534847234175938,True,17.75555556,0.6,1015.09
477,49453,1.0,1.0,0.5534383698410409,True,15.03333333,0.56,1016.53
478,8493,1.0,1.0,0.509286202374508,True,18.56666667,0.63,1013.52
479,24874,1.0,1.0,0.6707998743804588,True,17.57222222,0.54,1013.13
480,61739,1.0,1.0,0.8166717398539286,True,19.73333333,0.51,1015.0
481,69930,1.0,1.0,0.766334458714621,True,16.01666667,0.49,1014.53
482,4387,1.0,1.0,0.44505498800992555,True,15.02222222,0.6,1016.74
483,69925,1.0,1.0,0.8211351577854902,True,17.24444444,0.48,1016.6
484,76068,1.0,1.0,1.0,True,18.72777778,0.38,1013.01
485,8482,1.0,1.0,0.5166987441163536,True,19.97222222,0.68,1016.87
486,14626,1.0,1.0,1.0,True,16.11111111,0.34,1013.42
487,57633,1.0,1.0,0.27368368370496676,True,15.02777778,0.67,1014.62
488,57635,1.0,1.0,0.4737181971511886,True,17.78888889,0.63,1014.53
489,4385,1.0,1.0,0.9592688375518331,True,17.28333333,0.43,1016.96
490,26995,1.0,1.0,0.6850488605922863,True,16.11111111,0.52,1013.6
491,61727,1.0,1.0,0.27817928924606716,True,15.13888889,0.67,1014.48
492,41247,1.0,1.0,0.5776345310186692,True,19.92777778,0.63,1016.23
493,31004,1.0,1.0,0.38220267648152184,True,17.34444444,0.67,1013.01
494,61724,1.0,1.0,0.5166581549899363,True,17.3,0.6,1014.19
495,61723,1.0,1.0,0.7753671062459019,True,19.90555556,0.53,1013.72
496,280,1.0,1.0,0.7009072950438159,True,17.72222222,0.53,1013.45
497,279,1.0,1.0,0.7512653661410224,True,17.67222222,0.51,1013.93
498,278,1.0,1.0,0.590185913426922,True,17.37222222,0.57,1014.32
499,53519,1.0,1.0,0.5124467264950028,True,17.15,0.6,1016.66
500,67844,1.0,1.0,0.487742346712926,True,18.76666667,0.65,1016.63
501,45310,1.0,1.0,0.4733588312843419,True,18.77777778,0.66,1015.94
502,69886,1.0,1.0,0.38605808874455927,True,17.10555556,0.66,1013.02
503,67833,1.0,1.0,0.6081756902248125,True,19.86111111,0.61,1016.23
504,53494,1.0,1.0,0.6604000728968871,True,17.22222222,0.54,1013.4
505,49456,1.0,1.0,0.9514271791813398,True,15.08333333,0.42,1015.84
506,69931,1.0,1.0,0.6250310202002307,True,15.85,0.54,1014.72
507,26923,1.0,1.0,1.0,True,20.0,0.37,1017.0
508,61748,1.0,1.0,0.42482883101342495,True,17.13888889,0.64,1014.11
509,14697,1.0,1.0,0.9415578429040369,True,19.76666667,0.46,1014.4
510,26986,1.0,1.0,0.5352701759321181,True,17.77777778,0.6,1014.2
511,14701,1.0,1.0,0.7977686219429405,True,19.17222222,0.51,1015.54
512,67949,1.0,1.0,0.34143768639120464,True,17.01666667,0.69,1016.91
513,26987,1.0,1.0,0.871071767187687,True,19.91111111,0.49,1014.27
514,14699,1.0,1.0,0.9687800721635883,True,19.81111111,0.45,1015.48
515,14698,1.0,1.0,0.8942123340818263,True,19.02777778,0.47,1015.25
516,26985,1.0,1.0,0.3904131810049481,True,15.0,0.62,1014.1
517,14696,1.0,1.0,0.734728177988357,True,18.76666667,0.53,1014.19
518,18790,1.0,1.0,0.5546006516152302,True,19.48888889,0.63,1014.28
519,355,1.0,1.0,0.47920789516635626,True,17.45,0.62,1014.78
520,354,1.0,1.0,0.5350691346443965,True,19.08888889,0.63,1014.68
521,87586,1.0,1.0,0.8733627337646067,True,19.95555556,0.49,1016.62
522,350,1.0,1.0,0.7792892659679596,True,19.98333333,0.53,1016.4
523,349,1.0,1.0,0.4020879483427066,True,17.91666667,0.68,1016.9
524,26972,1.0,1.0,0.7537829247199787,True,15.34444444,0.49,1013.24
525,26965,1.0,1.0,1.0,True,20.0,0.4,1016.2
526,26964,1.0,1.0,1.0,True,20.0,0.4,1016.9
527,8530,1.0,1.0,0.5492900104145966,True,19.70555556,0.64,1013.17
528,18770,1.0,1.0,0.4937815314035644,True,18.90555556,0.65,1014.86
529,14671,1.0,1.0,0.36769177457764757,True,17.30555556,0.68,1015.1
530,87583,1.0,1.0,0.4364696760298674,True,17.75555556,0.65,1015.63
531,26947,1.0,1.0,0.9959406613378514,True,18.88888889,0.43,1016.2
532,41275,1.0,1.0,0.6194860268171832,True,19.73888889,0.6,1013.08
533,76089,1.0,1.0,1.0,True,18.58888889,0.39,1013.1
534,76088,1.0,1.0,0.7967192635617409,True,16.16111111,0.48,1013.59
535,76087,1.0,1.0,0.7465939669424966,True,17.50555556,0.51,1013.72
536,13087,1.0,1.0,0.4251620185357452,True,17.85,0.66,1015.87
537,76085,1.0,1.0,0.6552576149132261,True,15.99444444,0.53,1014.0
538,44107,1.0,1.0,0.9285150518400901,True,17.17222222,0.44,1014.62
539,74837,1.0,1.0,0.6051028379737972,True,17.05555556,0.56,1015.05
540,74838,1.0,1.0,0.8622193874997197,True,18.81666667,0.48,1015.14
541,87688,1.0,1.0,0.9703613204095658,True,19.88333333,0.45,1013.45
542,85666,1.0,1.0,0.628560846226517,True,17.77222222,0.56,1015.45
543,34465,1.0,1.0,0.5374654555487873,True,18.33333333,0.61,1014.5
544,85664,1.0,1.0,0.6294488288322458,True,17.8,0.56,1015.33
545,30366,1.0,1.0,0.5162386449307373,True,20.0,0.68,1013.2
546,59038,1.0,1.0,0.4194204619093116,True,17.0,0.64,1015.27
547,59037,1.0,1.0,0.4661097166209276,True,17.61666667,0.63,1014.73
548,83609,1.0,1.0,0.7507461866312555,True,17.63888889,0.51,1015.05
549,34449,1.0,1.0,0.6920818851862295,True,20.0,0.57,1016.0
550,59024,1.0,1.0,0.5166297912065043,True,20.0,0.68,1014.0
551,83599,1.0,1.0,0.6672056206298642,True,18.84444444,0.56,1015.65
552,87689,1.0,1.0,0.7385864089828296,True,17.18888889,0.51,1014.9
553,34441,1.0,1.0,0.5816964751874909,True,17.77777778,0.58,1016.4
554,93832,1.0,1.0,0.6466673764408095,True,17.57222222,0.55,1015.6
555,34440,1.0,1.0,0.3505890425008322,True,16.66666667,0.67,1016.5
556,65157,1.0,1.0,0.3954711376028273,True,18.01111111,0.69,1015.75
557,75438,1.0,1.0,0.9637970775246194,True,15.99444444,0.42,1015.31
558,93823,1.0,1.0,0.8227695306383558,True,19.9,0.51,1015.67
559,75391,1.0,1.0,1.0,True,15.9,0.37,1013.36
560,93822,1.0,1.0,0.4591972805281087,True,17.86666667,0.64,1015.46
561,93821,1.0,1.0,0.34638684091197336,True,16.22777778,0.66,1015.46
562,26235,1.0,1.0,0.4306761559335103,True,18.8,0.7,1013.46
563,61051,1.0,1.0,0.43381827883727275,True,17.68333333,0.65,1016.81
564,83575,1.0,1.0,0.5587538652223876,True,18.82222222,0.61,1013.74
565,18038,1.0,1.0,1.0,True,19.93333333,0.3,1013.54
566,79479,1.0,1.0,1.0,True,17.75555556,0.34,1015.59
567,79478,1.0,1.0,1.0,True,17.80555556,0.36,1015.53
568,79477,1.0,1.0,1.0,True,17.8,0.35,1015.8
569,93804,1.0,1.0,0.6028608420028618,True,16.99444444,0.56,1014.27
570,71275,1.0,1.0,0.8713349210221406,True,19.90555556,0.49,1015.64
571,71276,1.0,1.0,0.6533008237197545,True,17.76666667,0.55,1016.36
572,34474,1.0,1.0,0.516996542417401,True,20.0,0.68,1014.7
573,75439,1.0,1.0,0.9384949180389149,True,16.17777778,0.43,1015.93
574,26136,1.0,1.0,0.38059450533574984,True,16.97222222,0.66,1014.55
575,93892,1.0,1.0,0.5295513821468125,True,19.60555556,0.65,1013.24
576,5843,1.0,1.0,0.36642270937127164,True,15.72222222,0.64,1014.75
577,85715,1.0,1.0,0.8879817215354029,True,17.8,0.46,1015.17
578,85714,1.0,1.0,0.8878497714461868,True,17.8,0.46,1014.76
579,85713,1.0,1.0,0.8566334464615672,True,17.62777778,0.47,1014.6
580,85712,1.0,1.0,0.7912284697555169,True,17.15,0.49,1014.99
581,34506,1.0,1.0,0.6138485162626421,True,20.0,0.61,1014.2
582,75470,1.0,1.0,0.9316681853960003,True,17.31111111,0.44,1015.45
583,75469,1.0,1.0,1.0,True,18.8,0.35,1016.01
584,75468,1.0,1.0,1.0,True,18.88333333,0.34,1016.56
585,61131,1.0,1.0,0.32188574264578657,True,16.13333333,0.67,1013.15
586,61130,1.0,1.0,0.3775628817392233,True,16.92222222,0.66,1013.67
587,61129,1.0,1.0,0.38475370113114515,True,16.68888889,0.65,1013.37
588,87752,1.0,1.0,0.7876408727524619,True,18.88888889,0.51,1013.01
589,61127,1.0,1.0,0.7595055372126791,True,19.47777778,0.53,1013.54
590,57022,1.0,1.0,0.5111775102524677,True,17.15,0.6,1014.5
591,40624,1.0,1.0,0.9988792315328162,True,19.96666667,0.44,1014.79
592,93883,1.0,1.0,0.41651511136163527,True,16.93888889,0.64,1014.96
593,93881,1.0,1.0,0.4360446989663866,True,17.75555556,0.65,1015.0
594,75444,1.0,1.0,1.0,True,17.81666667,0.4,1015.49
595,22202,1.0,1.0,0.4740518070761788,True,18.18888889,0.64,1014.61
596,85690,1.0,1.0,0.8204854064254279,True,17.22222222,0.48,1016.28
597,85689,1.0,1.0,0.8793292135741102,True,17.41111111,0.46,1016.52
598,75445,1.0,1.0,0.9892227240976579,True,17.41666667,0.42,1015.4
599,34485,1.0,1.0,0.45344179731014533,True,18.88888889,0.68,1013.4
600,75446,1.0,1.0,0.7961250159828609,True,16.1,0.48,1015.29
601,59061,1.0,1.0,0.4240589789097211,True,18.33333333,0.68,1015.8
602,40627,1.0,1.0,0.725561858103767,True,15.34444444,0.5,1013.46
603,83635,1.0,1.0,0.3424258078406887,True,15.67222222,0.65,1014.84
604,40626,1.0,1.0,0.8223670756214769,True,17.33333333,0.48,1014.14
605,75440,1.0,1.0,1.0,True,17.21666667,0.38,1016.16
606,93803,1.0,1.0,0.41074446963823064,True,17.57777778,0.66,1014.94
607,93802,1.0,1.0,0.3700761878194908,True,16.73888889,0.66,1015.42
608,44648,1.0,1.0,0.5412148824180477,True,19.52222222,0.64,1015.87
609,32295,1.0,1.0,0.8739164599373784,True,20.0,0.49,1013.8
610,93752,1.0,1.0,0.7990832520277931,True,16.22222222,0.48,1016.8
611,44595,1.0,1.0,0.3469053437525561,True,16.59444444,0.67,1016.36
612,58931,1.0,1.0,0.9747917777091993,True,20.0,0.45,1016.57
613,48693,1.0,1.0,0.46624164125278394,True,18.88333333,0.67,1016.24
614,58930,1.0,1.0,0.7910623340922108,True,18.95,0.51,1016.99
615,58929,1.0,1.0,0.434171534663976,True,17.68888889,0.65,1016.92
616,34354,1.0,1.0,0.517982102721186,True,20.0,0.68,1016.4
617,44593,1.0,1.0,0.37235330651361853,True,17.75555556,0.7,1016.27
618,77359,1.0,1.0,0.3195559679349897,True,16.03888889,0.67,1015.67
619,77358,1.0,1.0,0.3738162196951861,True,15.9,0.64,1015.5
620,34340,1.0,1.0,0.46616505786575196,True,18.90555556,0.67,1014.18
621,71203,1.0,1.0,0.6899197726679517,True,19.95,0.57,1015.92
622,32292,1.0,1.0,0.8903670925326614,True,18.88888889,0.47,1015.7
623,9770,1.0,1.0,0.36168816151929667,True,15.57777778,0.64,1015.57
624,83488,1.0,1.0,0.5329810382111537,True,17.71111111,0.6,1014.9
625,26213,1.0,1.0,0.42793235157259585,True,18.75555556,0.7,1013.19
626,87584,1.0,1.0,0.7452616078966265,True,19.68888889,0.54,1016.41
627,34342,1.0,1.0,0.3722924627914216,True,17.77777778,0.7,1014.6
628,58915,1.0,1.0,0.27825267384083463,True,16.06666667,0.7,1016.61
629,58916,1.0,1.0,0.2784766548725458,True,16.06666667,0.7,1016.8
630,34339,1.0,1.0,0.6911779588703927,True,20.0,0.57,1013.8
631,87582,1.0,1.0,0.3595886250069758,True,17.15555556,0.68,1014.95
632,58913,1.0,1.0,0.5622241307399259,True,17.22222222,0.58,1016.9
633,58912,1.0,1.0,0.5865979938094397,True,17.22777778,0.57,1016.73
634,83484,1.0,1.0,0.6290602446907694,True,17.77777778,0.56,1016.09
635,56860,1.0,1.0,0.4263075747600233,True,18.40555556,0.68,1013.08
636,83485,1.0,1.0,0.8368134779821658,True,18.81666667,0.49,1015.87
637,58907,1.0,1.0,0.5384856862234556,True,17.82222222,0.6,1016.79
638,56859,1.0,1.0,0.378017718400042,True,17.89444444,0.7,1013.18
639,56858,1.0,1.0,0.5085468349983016,True,19.46111111,0.66,1013.56
640,77362,1.0,1.0,0.4517786792085695,True,17.28888889,0.63,1014.85
641,93754,1.0,1.0,0.7751470567314767,True,16.42222222,0.49,1016.03
642,58939,1.0,1.0,0.7495294554415988,True,17.60555556,0.51,1014.26
643,71228,1.0,1.0,0.5047683433233141,True,19.10555556,0.65,1015.93
644,61026,1.0,1.0,0.893228126049229,True,18.99444444,0.47,1015.19
645,61027,1.0,1.0,0.6857726925873663,True,17.17222222,0.53,1015.59
646,22113,1.0,1.0,0.5382282571607333,True,18.79444444,0.62,1013.34
647,77409,1.0,1.0,0.36315307800956925,True,17.23333333,0.68,1014.2
648,77408,1.0,1.0,0.30405932818582915,True,16.09444444,0.68,1014.1
649,61020,1.0,1.0,1.0,True,18.86111111,0.4,1016.59
650,77406,1.0,1.0,0.2888205221699161,True,16.07777778,0.69,1014.43
651,32349,1.0,1.0,0.4747367634994691,True,17.77777778,0.63,1016.9
652,32348,1.0,1.0,0.5628478171234154,True,18.88888889,0.61,1015.9
653,24154,1.0,1.0,0.5881329913973016,True,19.83888889,0.62,1013.04
654,24152,1.0,1.0,0.41393674227780897,True,17.66111111,0.66,1013.38
655,58938,1.0,1.0,0.9953821060992166,True,18.88888889,0.43,1014.3
656,69928,1.0,1.0,0.992571116951775,True,18.77222222,0.43,1014.83
657,69201,1.0,1.0,0.6067231300448472,True,19.83888889,0.61,1015.45
658,77391,1.0,1.0,0.36461711415849934,True,17.66111111,0.7,1013.21
659,77381,1.0,1.0,0.351930019088507,True,17.01666667,0.68,1014.56
660,58953,1.0,1.0,0.9447565303982556,True,19.88333333,0.46,1013.04
661,67141,1.0,1.0,0.9914080091647437,True,15.94444444,0.41,1014.69
662,26178,1.0,1.0,0.5790244252792781,True,16.15555556,0.56,1014.79
663,48703,1.0,1.0,0.5737789424089128,True,17.57777778,0.58,1015.17
664,93757,1.0,1.0,0.7743055876587539,True,16.40555556,0.49,1014.75
665,69185,1.0,1.0,0.4978462174185043,True,18.98333333,0.65,1014.94
666,26177,1.0,1.0,0.996421669606137,True,18.92222222,0.43,1014.97
667,65090,1.0,1.0,0.26231213472555887,True,15.55,0.69,1015.07
668,65089,1.0,1.0,0.2907777933118185,True,16.10555556,0.69,1014.95
669,48704,1.0,1.0,0.6629706426643226,True,18.73888889,0.56,1015.07
670,93759,1.0,1.0,0.4518930560483366,True,16.15555556,0.61,1014.26
671,65086,1.0,1.0,0.44483338819374507,True,18.90555556,0.69,1013.65
672,58941,1.0,1.0,0.6086729243348157,True,16.28333333,0.55,1014.47
673,61153,1.0,1.0,0.5069083418657755,True,19.63333333,0.67,1015.3
674,61157,1.0,1.0,0.5040400795284147,True,19.75,0.68,1016.8
675,20201,1.0,1.0,0.9232968959415044,True,15.11111111,0.43,1016.92
676,69516,1.0,1.0,0.5341902134012917,True,17.73888889,0.6,1015.1
677,69546,1.0,1.0,0.7115713164126629,True,17.15,0.52,1016.04
678,66333,1.0,1.0,0.3825800695362144,True,17.77777778,0.69,1015.97
679,69545,1.0,1.0,0.7853271482503186,True,17.92222222,0.5,1016.52
680,69544,1.0,1.0,0.890454007412929,True,18.88333333,0.47,1016.4
681,69540,1.0,1.0,0.6659238801888852,True,18.79444444,0.56,1016.92
682,69539,1.0,1.0,0.5295907676763691,True,17.59444444,0.6,1016.96
683,65431,1.0,1.0,0.4331169555184825,True,18.68888889,0.69,1014.74
684,69518,1.0,1.0,0.9158299824040238,True,19.75555556,0.47,1014.29
685,53135,1.0,1.0,1.0,True,19.30555556,0.4,1016.41
686,69521,1.0,1.0,0.7668931138698742,True,19.68333333,0.53,1013.11
687,6033,1.0,1.0,0.5078614454289484,True,19.83333333,0.68,1015.33
688,18320,1.0,1.0,0.6123555296141283,True,19.57777778,0.6,1013.71
689,67471,1.0,1.0,0.43217452971811093,True,18.68333333,0.69,1013.73
690,53134,1.0,1.0,1.0,True,19.44444444,0.42,1016.7
691,26506,1.0,1.0,0.7964915332643365,True,16.11111111,0.48,1015.7
692,32619,1.0,1.0,0.4655380964181275,True,18.33333333,0.65,1016.3
693,18310,1.0,1.0,0.3998801870011343,True,16.57777778,0.64,1013.37
694,18309,1.0,1.0,0.5365083221202234,True,17.22222222,0.59,1013.26
695,67459,1.0,1.0,0.5418992628563388,True,19.22777778,0.63,1014.72
696,14627,1.0,1.0,1.0,True,16.22777778,0.33,1013.27
697,67449,1.0,1.0,0.612760246611989,True,19.97777778,0.61,1014.15
698,44341,1.0,1.0,0.5891322780883457,True,17.35,0.57,1013.63
699,10103,1.0,1.0,0.57796089517895,True,18.28333333,0.59,1015.25
700,10102,1.0,1.0,0.6709166151497165,True,18.31111111,0.55,1014.75
701,10101,1.0,1.0,0.7375895105292032,True,18.84444444,0.53,1014.75
702,10100,1.0,1.0,0.9173590742784502,True,19.80555556,0.47,1014.17
703,26483,1.0,1.0,0.7252271982129472,True,17.67222222,0.52,1013.78
704,26482,1.0,1.0,0.42594612406243537,True,16.11111111,0.62,1013.3
705,79729,1.0,1.0,0.47321019673984205,True,19.52222222,0.7,1014.04
706,79727,1.0,1.0,0.4750067333567838,True,19.55,0.7,1014.34
707,57265,1.0,1.0,0.27488186821450356,True,15.46111111,0.68,1015.69
708,57266,1.0,1.0,0.3249934704577052,True,15.73888889,0.66,1015.64
709,16312,1.0,1.0,0.7355710816869668,True,17.03888889,0.51,1016.9
710,94137,1.0,1.0,0.66824782302729,True,18.89444444,0.56,1013.59
711,45051,1.0,1.0,0.4619701078810576,True,18.26666667,0.65,1015.97
712,30712,1.0,1.0,0.6915272798570908,True,20.0,0.57,1014.7
713,30693,1.0,1.0,0.4536644849103037,True,18.88888889,0.68,1013.8
714,77335,1.0,1.0,0.5261742621499347,True,16.15555556,0.58,1013.13
715,45026,1.0,1.0,0.6248515824510372,True,19.4,0.59,1015.29
716,49121,1.0,1.0,0.39790454027523686,True,15.97777778,0.63,1013.46
717,49119,1.0,1.0,0.5331664793452007,True,17.11666667,0.59,1014.17
718,49116,1.0,1.0,0.6607018552137841,True,17.2,0.54,1015.68
719,49115,1.0,1.0,0.5585796707663789,True,17.12777778,0.58,1016.18
720,67544,1.0,1.0,0.45705229786598667,True,16.27222222,0.61,1016.05
721,67543,1.0,1.0,0.2982598273588191,True,15.06666667,0.66,1016.26
722,75734,1.0,1.0,0.7144862978365843,True,16.20555556,0.51,1013.43
723,75733,1.0,1.0,1.0,True,17.13333333,0.41,1013.27
724,75731,1.0,1.0,1.0,True,17.36111111,0.41,1013.11
725,75730,1.0,1.0,0.7955300430836265,True,16.10555556,0.48,1013.21
726,88016,1.0,1.0,1.0,True,18.7,0.37,1016.02
727,88015,1.0,1.0,0.9569750829259045,True,17.17777778,0.43,1016.49
728,67533,1.0,1.0,0.2691069213851098,True,15.93333333,0.7,1014.9
729,67531,1.0,1.0,0.9219406155001155,True,19.10555556,0.46,1013.82
730,22472,1.0,1.0,0.9399584526295224,True,19.71111111,0.46,1014.69
731,22470,1.0,1.0,0.36619607152663536,True,15.02777778,0.63,1014.52
732,26564,1.0,1.0,0.8276135821678091,True,16.28333333,0.47,1015.42
733,67520,1.0,1.0,0.4559205529831803,True,17.8,0.64,1015.25
734,22464,1.0,1.0,0.5151621044227848,True,19.32222222,0.65,1014.33
735,67521,1.0,1.0,0.6704099881595669,True,18.93333333,0.56,1015.26
736,26560,1.0,1.0,1.0,True,20.0,0.4,1014.4
737,53182,1.0,1.0,0.6483781420623278,True,18.33333333,0.56,1015.8
738,94142,1.0,1.0,0.5968990439294323,True,17.57777778,0.57,1013.64
739,26555,1.0,1.0,0.8603946484215085,True,18.75,0.48,1015.47
740,32620,1.0,1.0,0.41242228871011277,True,18.47222222,0.7,1014.72
741,32615,1.0,1.0,0.7349951314235188,True,19.44444444,0.54,1013.7
742,40690,1.0,1.0,1.0,True,15.89444444,0.38,1015.47
743,5892,1.0,1.0,0.47255940914392175,True,17.29444444,0.62,1014.52
744,67356,1.0,1.0,0.8863612614703256,True,17.75,0.46,1013.82
745,10016,1.0,1.0,0.31869752723130174,True,16.02777778,0.67,1015.31
746,67358,1.0,1.0,0.712902423519571,True,17.23888889,0.52,1013.31
747,42783,1.0,1.0,0.5242056881719835,True,16.08333333,0.58,1013.42
748,42780,1.0,1.0,0.5210554106520944,True,15.95,0.58,1014.72
749,67357,1.0,1.0,0.880414657502615,True,17.5,0.46,1013.61
750,10012,1.0,1.0,0.32458829159175345,True,16.16111111,0.67,1014.85
751,67355,1.0,1.0,0.818517748964581,True,17.17222222,0.48,1014.04
752,5653,1.0,1.0,1.0,True,16.09444444,0.38,1016.91
753,26387,1.0,1.0,0.8002140257112982,True,19.95,0.52,1013.58
754,87826,1.0,1.0,1.0,True,17.84444444,0.37,1014.37
755,76070,1.0,1.0,1.0,True,17.77777778,0.37,1013.09
756,14081,1.0,1.0,1.0,True,16.08333333,0.39,1014.17
757,20224,1.0,1.0,0.9394551468310498,True,16.26111111,0.43,1014.55
758,9988,1.0,1.0,0.36769177457764757,True,17.30555556,0.68,1015.1
759,32612,1.0,1.0,0.6911779588703927,True,20.0,0.57,1013.8
760,9987,1.0,1.0,0.3927667918354829,True,17.76666667,0.68,1015.42
761,9984,1.0,1.0,0.7124606375277868,True,18.8,0.54,1015.9
762,9985,1.0,1.0,0.4833860444446026,True,18.36666667,0.64,1015.8
763,14080,1.0,1.0,1.0,True,17.22222222,0.37,1014.65
764,14079,1.0,1.0,1.0,True,17.33333333,0.4,1015.02
765,20222,1.0,1.0,1.0,True,17.26666667,0.38,1014.17
766,14077,1.0,1.0,1.0,True,17.73333333,0.41,1016.95
767,20219,1.0,1.0,0.8927486849495361,True,15.02222222,0.44,1015.13
768,40697,1.0,1.0,1.0,True,17.84444444,0.4,1013.11
769,40695,1.0,1.0,1.0,True,18.97777778,0.37,1013.41
770,52980,1.0,1.0,0.578830140650773,True,15.0,0.55,1013.2
771,40693,1.0,1.0,1.0,True,17.9,0.41,1014.64
772,40692,1.0,1.0,1.0,True,17.31111111,0.41,1015.12
773,40691,1.0,1.0,1.0,True,16.22777778,0.36,1015.34
774,42781,1.0,1.0,0.44712100345150674,True,16.01666667,0.61,1014.12
775,5655,1.0,1.0,1.0,True,17.23888889,0.31,1015.27
776,61223,1.0,1.0,0.6189578815674145,True,19.7,0.6,1015.92
777,5656,1.0,1.0,1.0,True,17.08333333,0.32,1014.55
778,87908,1.0,1.0,0.43957340076461165,True,16.98333333,0.63,1016.09
779,69474,1.0,1.0,0.4786923459400065,True,19.11111111,0.67,1016.25
780,87906,1.0,1.0,0.4248640371505337,True,17.52222222,0.65,1015.18
781,34653,1.0,1.0,0.580411720918628,True,20.0,0.63,1014.5
782,79706,1.0,1.0,0.44744757669802915,True,18.94444444,0.69,1014.31
783,61272,1.0,1.0,0.4731140162503769,True,18.77777778,0.66,1015.56
784,79703,1.0,1.0,0.5320821922627008,True,19.88888889,0.66,1014.12
785,10068,1.0,1.0,0.4991032278723757,True,19.83888889,0.69,1014.57
786,91987,1.0,1.0,0.5232081221314024,True,18.44444444,0.62,1015.47
787,91986,1.0,1.0,0.6135150984370422,True,19.98888889,0.61,1014.65
788,32593,1.0,1.0,0.4909445278860562,True,17.72777778,0.62,1014.61
789,34640,1.0,1.0,0.4430673200250522,True,18.66666667,0.68,1016.57
790,61252,1.0,1.0,0.46855877877457836,True,16.6,0.61,1015.83
791,53060,1.0,1.0,0.6927024872343693,True,17.39444444,0.53,1016.95
792,53059,1.0,1.0,0.8648169431923344,True,18.88888889,0.48,1016.5
793,61248,1.0,1.0,0.6092243442654935,True,19.88333333,0.61,1016.21
794,75583,1.0,1.0,1.0,True,18.67777778,0.33,1014.98
795,10040,1.0,1.0,0.7107764809460101,True,19.94444444,0.56,1015.75
796,10039,1.0,1.0,0.5052583401191274,True,17.55555556,0.61,1015.52
797,10036,1.0,1.0,0.33105717372355625,True,15.37222222,0.65,1015.21
798,65088,1.0,1.0,0.452093160691841,True,17.72777778,0.64,1014.55
799,75566,1.0,1.0,1.0,True,18.95555556,0.34,1016.46
800,65329,1.0,1.0,0.7981764593307001,True,19.86111111,0.52,1016.87
801,10032,1.0,1.0,0.673194829258649,True,17.62222222,0.54,1015.28
802,10029,1.0,1.0,0.4531297307206044,True,18.67777778,0.67,1013.06
803,7982,1.0,1.0,0.8194309011126655,True,19.06666667,0.5,1016.29
804,7981,1.0,1.0,0.6960445882715319,True,18.98333333,0.55,1016.97
805,26411,1.0,1.0,1.0,True,17.76111111,0.41,1013.65
806,26410,1.0,1.0,0.9937059880482232,True,16.11111111,0.41,1013.9
807,58905,1.0,1.0,0.6292233928899077,True,16.98333333,0.55,1016.78
808,13847,1.0,1.0,0.43492059315493464,True,18.69444444,0.69,1016.85
809,74839,1.0,1.0,0.8726773560472841,True,19.95,0.49,1015.21
810,44279,1.0,1.0,0.844815069459296,True,15.65,0.46,1015.99
811,44300,1.0,1.0,0.9104474566590675,True,16.22777778,0.44,1014.02
812,52491,1.0,1.0,0.7074758748653933,True,19.88333333,0.56,1013.76
813,85256,1.0,1.0,0.7651296767372303,True,18.91111111,0.52,1016.99
814,85257,1.0,1.0,0.7666660731200883,True,18.96111111,0.52,1016.68
815,23816,1.0,1.0,0.6112914398905513,True,19.95,0.61,1013.83
816,60678,1.0,1.0,0.8064074479848625,True,18.67777778,0.5,1013.76
817,44292,1.0,1.0,1.0,True,18.96111111,0.35,1016.05
818,44289,1.0,1.0,0.7964029680093029,True,16.09444444,0.48,1016.29
819,87295,1.0,1.0,0.6271970044757719,True,17.75555556,0.56,1013.63
820,52472,1.0,1.0,0.5353845325198374,True,19.92222222,0.66,1016.78
821,13561,1.0,1.0,0.5206794616175876,True,19.41666667,0.65,1015.36
822,17658,1.0,1.0,0.6385537277174862,True,15.11666667,0.53,1016.75
823,17657,1.0,1.0,0.8681659973486133,True,15.28333333,0.45,1016.97
824,85239,1.0,1.0,0.5247917595597058,True,16.03888889,0.58,1016.8
825,60660,1.0,1.0,0.8061961771712469,True,15.02222222,0.47,1014.16
826,17676,1.0,1.0,0.8207515362634721,True,17.22222222,0.48,1016.95
827,44276,1.0,1.0,0.8443107154705235,True,17.08888889,0.47,1015.31
828,44275,1.0,1.0,1.0,True,18.83888889,0.4,1015.18
829,70265,1.0,1.0,1.0,True,17.67777778,0.3,1014.17
830,79086,1.0,1.0,0.729800899600163,True,17.80555556,0.52,1015.57
831,87280,1.0,1.0,0.4250454351080713,True,16.06111111,0.62,1014.73
832,31983,1.0,1.0,0.5607815255480953,True,17.22222222,0.58,1014.2
833,31982,1.0,1.0,0.5618371381539881,True,18.88888889,0.61,1013.9
834,31981,1.0,1.0,0.4726587311896076,True,17.30555556,0.62,1013.88
835,31980,1.0,1.0,0.4481534809654146,True,17.22222222,0.63,1013.6
836,87272,1.0,1.0,0.5608869067311144,True,17.83888889,0.59,1016.01
837,87271,1.0,1.0,0.3235441452713215,True,16.11111111,0.67,1016.28
838,13538,1.0,1.0,0.47323946383038307,True,19.02222222,0.67,1015.34
839,79072,1.0,1.0,1.0,True,19.09444444,0.39,1016.88
840,44254,1.0,1.0,0.941725260272576,True,16.35,0.43,1016.9
841,52493,1.0,1.0,0.6383319382355036,True,19.25,0.58,1013.4
842,17679,1.0,1.0,1.0,True,17.75555556,0.38,1015.45
843,5654,1.0,1.0,1.0,True,17.19444444,0.34,1015.91
844,25895,1.0,1.0,0.4767699273102738,True,18.24444444,0.64,1014.67
845,42299,1.0,1.0,0.7745262619164258,True,19.86111111,0.53,1015.98
846,75066,1.0,1.0,0.3159259252651537,True,15.99444444,0.67,1013.93
847,75065,1.0,1.0,0.39600550010284113,True,17.6,0.67,1013.81
848,68917,1.0,1.0,0.7384638609046202,True,17.17222222,0.51,1015.68
849,68919,1.0,1.0,0.7139045776187849,True,16.12777778,0.51,1016.22
850,44342,1.0,1.0,0.2568527315533388,True,15.47777778,0.69,1013.3
851,85301,1.0,1.0,0.4534503347928667,True,18.86666667,0.68,1015.48
852,44339,1.0,1.0,0.6908129649160064,True,17.37777778,0.53,1013.63
853,68915,1.0,1.0,0.5796485076586544,True,16.15555556,0.56,1016.01
854,75056,1.0,1.0,0.555223368498384,True,19.12777778,0.62,1015.97
855,23855,1.0,1.0,0.4318390861731013,True,18.65555556,0.69,1015.66
856,23852,1.0,1.0,0.5135382012300923,True,19.92777778,0.68,1015.85
857,85289,1.0,1.0,0.35445380150569916,True,17.08333333,0.68,1013.19
858,85286,1.0,1.0,0.49756234736592314,True,18.32222222,0.63,1013.17
859,25894,1.0,1.0,0.7005285348748612,True,19.70555556,0.56,1014.57
860,85264,1.0,1.0,0.3705069659536579,True,17.58333333,0.69,1014.38
861,85285,1.0,1.0,0.42068340012673544,True,18.07222222,0.67,1013.38
862,85284,1.0,1.0,0.537558898684122,True,17.83888889,0.6,1013.88
863,85283,1.0,1.0,0.6647733595859694,True,18.79444444,0.56,1014.39
864,85281,1.0,1.0,0.5571085084532987,True,18.77222222,0.61,1014.98
865,29985,1.0,1.0,0.6139363348787957,True,20.0,0.61,1014.4
866,85280,1.0,1.0,0.5337383762446067,True,17.72777778,0.6,1015.08
867,68895,1.0,1.0,0.3200981940715075,True,15.11666667,0.65,1013.45
868,85278,1.0,1.0,0.4223637267507096,True,15.97222222,0.62,1015.39
869,9496,1.0,1.0,1.0,True,19.48888889,0.31,1016.73
870,75021,1.0,1.0,0.3734461888882879,True,17.77777778,0.7,1016.06
871,17682,1.0,1.0,0.795635661488018,True,16.10555556,0.48,1013.55
872,52494,1.0,1.0,0.5355362822048451,True,18.73333333,0.62,1013.66
873,17677,1.0,1.0,1.0,True,17.22222222,0.41,1016.35
874,17680,1.0,1.0,0.7398676896993784,True,17.24444444,0.51,1014.45
875,44251,1.0,1.0,1.0,True,17.75555556,0.41,1015.79
876,87257,1.0,1.0,0.4718187198394364,True,19.01111111,0.67,1013.96
877,74969,1.0,1.0,0.5271865589306364,True,18.10555556,0.61,1013.59
878,25716,1.0,1.0,0.8172608848889561,True,17.12777778,0.48,1013.33
879,68746,1.0,1.0,0.4362560308523141,True,18.73888889,0.69,1015.18
880,9349,1.0,1.0,1.0,True,18.81666667,0.33,1013.18
881,9348,1.0,1.0,1.0,True,17.77777778,0.37,1013.86
882,9347,1.0,1.0,1.0,True,17.01666667,0.39,1014.45
883,60546,1.0,1.0,0.4423210701985474,True,17.88888889,0.65,1014.6
884,25717,1.0,1.0,1.0,True,17.28888889,0.41,1013.2
885,25721,1.0,1.0,1.0,True,17.33333333,0.34,1013.23
886,58486,1.0,1.0,0.5381562464080467,True,17.84444444,0.6,1014.63
887,25722,1.0,1.0,1.0,True,16.12777778,0.36,1013.32
888,93298,1.0,1.0,0.8837892025453129,True,18.68333333,0.47,1013.18
889,13432,1.0,1.0,0.48423300022153976,True,19.22777778,0.67,1014.86
890,25719,1.0,1.0,1.0,True,17.84444444,0.37,1013.19
891,25718,1.0,1.0,0.9958895077315878,True,17.76666667,0.42,1013.09
892,93300,1.0,1.0,0.4735531803041616,True,15.17777778,0.59,1013.59
893,33904,1.0,1.0,0.7915464582534083,True,17.17222222,0.49,1014.37
894,44248,1.0,1.0,1.0,True,18.91111111,0.4,1016.74
895,33906,1.0,1.0,0.4433513760489941,True,15.0,0.6,1015.1
896,93297,1.0,1.0,0.7545624413528926,True,17.8,0.51,1013.02
897,93296,1.0,1.0,0.5578909259240303,True,17.15,0.58,1013.3
898,93295,1.0,1.0,0.29317633991500464,True,15.00555556,0.66,1013.39
899,33901,1.0,1.0,0.7795522238853028,True,17.72777778,0.5,1015.45
900,33900,1.0,1.0,0.6613593812889016,True,17.22222222,0.54,1015.7
901,33899,1.0,1.0,0.7289568694921439,True,17.77777778,0.52,1015.5
902,56422,1.0,1.0,0.4667831671413952,True,19.27777778,0.69,1014.66
903,58470,1.0,1.0,0.5366582054066233,True,17.77777778,0.6,1016.7
904,58465,1.0,1.0,0.4599752787731051,True,16.35555556,0.61,1016.07
905,74850,1.0,1.0,0.6875291378210461,True,16.18333333,0.52,1015.72
906,74849,1.0,1.0,0.9782102896056848,True,19.23333333,0.44,1015.18
907,58464,1.0,1.0,0.7292087756629834,True,17.77777778,0.52,1016.1
908,58463,1.0,1.0,0.7968039101279086,True,18.33333333,0.5,1015.8
909,68747,1.0,1.0,0.5948264828482734,True,19.95555556,0.62,1015.17
910,25743,1.0,1.0,0.9082288303969628,True,16.04444444,0.44,1016.72
911,68753,1.0,1.0,0.45686424755879496,True,18.93333333,0.68,1014.99
912,48276,1.0,1.0,0.5798280544197048,True,20.0,0.63,1013.19
913,52437,1.0,1.0,0.4532237583813263,True,19.02777778,0.69,1015.88
914,9427,1.0,1.0,0.8373505633865399,True,15.15555556,0.46,1015.96
915,9426,1.0,1.0,1.0,True,17.82222222,0.4,1015.65
916,9425,1.0,1.0,1.0,True,17.96111111,0.36,1015.63
917,9424,1.0,1.0,1.0,True,17.89444444,0.33,1015.64
918,9422,1.0,1.0,0.9118659979179264,True,17.64444444,0.45,1016.37
919,44229,1.0,1.0,0.8069826378737425,True,15.02777778,0.47,1016.13
920,44228,1.0,1.0,0.8287519842144458,True,16.34444444,0.47,1015.3
921,44227,1.0,1.0,1.0,True,18.96111111,0.4,1014.83
922,36033,1.0,1.0,0.4978729104279278,True,19.81666667,0.69,1014.67
923,93376,1.0,1.0,0.6072667124480459,True,16.23888889,0.55,1013.9
924,93375,1.0,1.0,0.7444300885180744,True,17.42777778,0.51,1013.56
925,57636,1.0,1.0,0.6702192700254362,True,18.93888889,0.56,1014.3
926,83129,1.0,1.0,0.5350073560647337,True,19.4,0.64,1015.94
927,44218,1.0,1.0,1.0,True,17.27222222,0.41,1016.93
928,44217,1.0,1.0,0.8075421277138838,True,15.05,0.47,1016.75
929,56503,1.0,1.0,0.4922483468524973,True,18.85555556,0.65,1016.55
930,93367,1.0,1.0,0.767299177415461,True,19.65555556,0.53,1016.93
931,44206,1.0,1.0,0.668410542386051,True,15.27222222,0.52,1014.59
932,83118,1.0,1.0,0.43929140514672155,True,18.8,0.69,1014.48
933,44204,1.0,1.0,1.0,True,18.76666667,0.38,1013.77
934,48297,1.0,1.0,0.4433336631477504,True,18.86666667,0.69,1014.85
935,93351,1.0,1.0,0.4239543972289989,True,15.20555556,0.61,1016.84
936,44192,1.0,1.0,0.5601682366714481,True,15.35555556,0.56,1016.24
937,44194,1.0,1.0,0.9965784587202002,True,18.91666667,0.43,1015.97
938,83104,1.0,1.0,0.6655555911854721,True,19.88333333,0.58,1013.73
939,83103,1.0,1.0,0.5751075335705551,True,19.90555556,0.63,1013.36
940,33951,1.0,1.0,0.6928046030591986,True,15.0,0.51,1016.6
941,48277,1.0,1.0,0.45707377549330147,True,18.95555556,0.68,1013.2
942,30010,1.0,1.0,0.6915678438599137,True,20.0,0.57,1014.8
943,42301,1.0,1.0,0.944872905580834,True,19.88333333,0.46,1013.49
944,68920,1.0,1.0,0.5285234071198733,True,15.14444444,0.57,1016.72
945,32209,1.0,1.0,0.2926552684984596,True,15.85,0.68,1014.85
946,85482,1.0,1.0,0.6125838909751242,True,18.58333333,0.58,1016.57
947,36330,1.0,1.0,0.9726430754442328,True,19.95,0.45,1014.49
948,79338,1.0,1.0,0.5745539333039987,True,16.0,0.56,1013.97
949,79337,1.0,1.0,0.7510738462854151,True,16.61666667,0.5,1013.54
950,42472,1.0,1.0,0.7050613268415987,True,16.92777778,0.52,1014.45
951,42468,1.0,1.0,0.6047023456308642,True,16.08333333,0.55,1016.78
952,32229,1.0,1.0,0.43680868633215847,True,17.77777778,0.65,1014.5
953,32228,1.0,1.0,0.4923403039692561,True,18.88888889,0.65,1013.8
954,36322,1.0,1.0,0.5550716045121322,True,18.72777778,0.61,1014.89
955,85468,1.0,1.0,0.7059889827289649,True,16.92222222,0.52,1016.94
956,60884,1.0,1.0,0.47378958943286453,True,18.15555556,0.64,1016.71
957,85460,1.0,1.0,0.7528936943948821,True,15.21111111,0.49,1016.61
958,60883,1.0,1.0,0.6705606941322625,True,19.97222222,0.58,1016.33
959,85458,1.0,1.0,0.7881161972735575,True,16.99444444,0.49,1016.51
960,42447,1.0,1.0,0.6836229800900445,True,16.01666667,0.52,1015.25
961,85422,1.0,1.0,0.4936400491623812,True,18.88888889,0.65,1016.05
962,42446,1.0,1.0,0.7959721923479632,True,16.08888889,0.48,1015.45
963,42444,1.0,1.0,0.5811670953746937,True,15.04444444,0.55,1016.25
964,9674,1.0,1.0,0.47446253706526625,True,19.55,0.7,1013.34
965,79304,1.0,1.0,1.0,True,19.04444444,0.4,1016.87
966,58910,1.0,1.0,0.6083489934221905,True,17.86111111,0.57,1016.76
967,58909,1.0,1.0,0.7217635795587172,True,19.05,0.54,1016.79
968,34242,1.0,1.0,1.0,True,18.88888889,0.34,1014.4
969,58908,1.0,1.0,0.5432163134881586,True,17.93888889,0.6,1016.86
970,60860,1.0,1.0,0.7971470809189866,True,17.36111111,0.49,1016.91
971,85432,1.0,1.0,0.9720851111457212,True,19.91111111,0.45,1016.48
972,79288,1.0,1.0,1.0,True,17.77777778,0.3,1016.17
973,9655,1.0,1.0,0.43359161010051434,True,18.71111111,0.69,1013.44
974,5556,1.0,1.0,0.8026477984819368,True,20.0,0.52,1015.34
975,58906,1.0,1.0,0.6170161583781129,True,17.40555556,0.56,1016.69
976,60909,1.0,1.0,0.43458390940416836,True,18.72777778,0.69,1013.51
977,60910,1.0,1.0,0.47763496724067617,True,19.12222222,0.67,1013.43
978,32239,1.0,1.0,0.6862930993052276,True,19.87777778,0.57,1014.59
979,32238,1.0,1.0,0.53542191371788,True,17.77777778,0.6,1014.5
980,83477,1.0,1.0,0.5581520869980098,True,17.12222222,0.58,1015.75
981,83476,1.0,1.0,0.42582579053601355,True,16.06111111,0.62,1015.86
982,83475,1.0,1.0,0.4991924123183493,True,16.06111111,0.59,1015.65
983,83474,1.0,1.0,0.44248294493519985,True,16.52222222,0.62,1015.49
984,83473,1.0,1.0,0.46532450083160587,True,17.10555556,0.62,1015.37
985,83472,1.0,1.0,0.38991080322593297,True,17.15,0.66,1015.45
986,83469,1.0,1.0,0.42350672177980714,True,17.82222222,0.66,1015.53
987,83467,1.0,1.0,0.5699399319659999,True,19.44444444,0.62,1015.21
988,83468,1.0,1.0,0.44968887388156187,True,18.33333333,0.66,1015.38
989,58891,1.0,1.0,0.8537744705037632,True,17.47777778,0.47,1016.7
990,83466,1.0,1.0,0.6688634098831937,True,19.95,0.58,1014.71
991,58889,1.0,1.0,0.8946299950157393,True,19.03333333,0.47,1016.01
992,58881,1.0,1.0,0.5644342500074684,True,18.93333333,0.61,1015.1
993,77312,1.0,1.0,0.3940303645809314,True,15.09444444,0.62,1015.33
994,77315,1.0,1.0,0.527148932348418,True,16.17777778,0.58,1013.81
995,42496,1.0,1.0,0.6836224196989349,True,16.05,0.52,1013.4
996,77314,1.0,1.0,0.7139121553469736,True,17.26666667,0.52,1014.02
997,77313,1.0,1.0,0.6347500851685002,True,16.25555556,0.54,1014.78
998,58880,1.0,1.0,0.5357917166808821,True,17.77777778,0.6,1015.2
999,42495,1.0,1.0,0.8171896303025473,True,17.12222222,0.48,1013.52
1000,58875,1.0,1.0,0.37040639210026544,True,17.10555556,0.67,1013.74
1001,42493,1.0,1.0,0.7377893176259318,True,17.16111111,0.51,1014.7
1002,42492,1.0,1.0,0.7112520796042344,True,17.15,0.52,1015.29
1003,32251,1.0,1.0,0.6067206976797194,True,18.43333333,0.58,1016.66
1004,30202,1.0,1.0,0.6147462945409341,True,20.0,0.61,1016.1
1005,30201,1.0,1.0,0.4935457312510448,True,18.88888889,0.65,1015.9
1006,58871,1.0,1.0,0.46398984633324974,True,18.33333333,0.65,1013.8
1007,58870,1.0,1.0,0.505063153130738,True,19.4,0.66,1013.19
1008,58869,1.0,1.0,0.5353732916271376,True,19.95555556,0.66,1013.38
1009,5554,1.0,1.0,0.5552352347579558,True,17.68333333,0.59,1016.51
1010,21936,1.0,1.0,0.4949337235423966,True,19.77777778,0.69,1013.37
1011,68918,1.0,1.0,0.9293281276837706,True,17.19444444,0.44,1015.75
1012,93537,1.0,1.0,0.5602746220724284,True,18.84444444,0.61,1014.82
1013,79216,1.0,1.0,1.0,True,15.02222222,0.36,1013.86
1014,79215,1.0,1.0,1.0,True,16.11111111,0.33,1013.48
1015,79214,1.0,1.0,1.0,True,16.98333333,0.31,1013.66
1016,20221,1.0,1.0,1.0,True,17.11111111,0.39,1014.59
1017,44395,1.0,1.0,0.682755503340066,True,15.98888889,0.52,1014.62
1018,79211,1.0,1.0,1.0,True,16.07222222,0.33,1014.84
1019,79210,1.0,1.0,1.0,True,16.11111111,0.33,1015.54
1020,25959,1.0,1.0,0.5478572845599687,True,15.97222222,0.57,1014.89
1021,44392,1.0,1.0,1.0,True,19.90555556,0.35,1014.92
1022,44391,1.0,1.0,1.0,True,19.92777778,0.35,1015.41
1023,93541,1.0,1.0,0.3683108297531749,True,17.33333333,0.68,1013.94
1024,93540,1.0,1.0,0.6647948837802934,True,18.8,0.56,1013.92
1025,58723,1.0,1.0,0.6192340031377054,True,19.27222222,0.59,1015.16
1026,93538,1.0,1.0,0.7284900822349702,True,19.85555556,0.55,1014.51
1027,23904,1.0,1.0,0.7432027629612747,True,18.23888889,0.52,1016.31
1028,21935,1.0,1.0,0.6195819763088801,True,18.17777778,0.57,1016.31
1029,30047,1.0,1.0,0.29673724818123526,True,16.43888889,0.7,1014.76
1030,91480,1.0,1.0,0.6106565981757126,True,19.93333333,0.61,1014.21
1031,61737,1.0,1.0,0.42366113021940655,True,16.01666667,0.62,1015.01
1032,13653,1.0,1.0,0.717405451184354,True,17.38888889,0.52,1014.36
1033,21843,1.0,1.0,0.42541890106244484,True,15.33333333,0.61,1013.64
1034,21839,1.0,1.0,0.5188284078805464,True,15.89444444,0.58,1013.4
1035,21840,1.0,1.0,0.4170248137000248,True,15.02777778,0.61,1013.99
1036,30031,1.0,1.0,0.4271414099233935,True,16.11111111,0.62,1015.2
1037,60748,1.0,1.0,0.7864658949852305,True,16.96666667,0.49,1013.8
1038,60747,1.0,1.0,0.8560709616490999,True,17.61111111,0.47,1014.1
1039,91468,1.0,1.0,0.32186961011577614,True,16.06111111,0.67,1016.95
1040,13643,1.0,1.0,0.7844472494371417,True,17.92222222,0.5,1014.18
1041,30025,1.0,1.0,0.24856208136040378,True,15.55555556,0.7,1014.7
1042,30021,1.0,1.0,0.6913685239694504,True,20.0,0.57,1014.3
1043,13679,1.0,1.0,0.3977960607719111,True,16.93333333,0.65,1016.04
1044,52594,1.0,1.0,0.6676027847907201,True,19.92777778,0.58,1014.0
1045,52593,1.0,1.0,0.3705113178619385,True,17.75555556,0.7,1013.9
1046,23924,1.0,1.0,0.6685460096512065,True,18.88333333,0.56,1015.35
1047,21934,1.0,1.0,0.7886666702789686,True,18.88888889,0.51,1015.96
1048,71084,1.0,1.0,0.38958096539378684,True,17.71666667,0.68,1014.78
1049,48554,1.0,1.0,0.49643882771515546,True,19.77777778,0.69,1016.04
1050,60835,1.0,1.0,0.4282165106218582,True,17.21111111,0.64,1014.34
1051,60833,1.0,1.0,0.872180984835248,True,19.95,0.49,1013.62
1052,21920,1.0,1.0,0.6350931862234006,True,19.61666667,0.59,1016.75
1053,13725,1.0,1.0,0.5810604693952989,True,18.83888889,0.6,1016.99
1054,44444,1.0,1.0,0.7804779167739483,True,15.22777778,0.48,1013.67
1055,44443,1.0,1.0,1.0,True,17.28888889,0.39,1013.27
1056,21914,1.0,1.0,0.4698599684366632,True,17.67222222,0.63,1016.69
1057,23959,1.0,1.0,0.5387895698935388,True,17.85,0.6,1015.4
1058,21910,1.0,1.0,0.4955918103758215,True,19.21666667,0.66,1013.99
1059,23958,1.0,1.0,0.32301672151679095,True,16.11666667,0.67,1015.45
1060,21909,1.0,1.0,0.5858377661025056,True,19.78888889,0.62,1013.42
1061,44436,1.0,1.0,1.0,True,18.93333333,0.31,1014.87
1062,44435,1.0,1.0,1.0,True,18.69444444,0.39,1015.07
1063,44434,1.0,1.0,0.9296902927000443,True,17.22222222,0.44,1015.08
1064,23952,1.0,1.0,0.29636412531401013,True,15.52777778,0.67,1015.83
1065,23951,1.0,1.0,0.4232631413464842,True,17.07777778,0.64,1015.83
1066,25986,1.0,1.0,0.5238039592733027,True,16.03888889,0.58,1015.13
1067,75139,1.0,1.0,0.4039724514297328,True,17.73333333,0.67,1015.24
1068,75138,1.0,1.0,0.49255545505717163,True,18.88333333,0.65,1014.72
1069,25983,1.0,1.0,0.8193670170371733,True,17.2,0.48,1014.64
1070,25982,1.0,1.0,0.7383519544685728,True,17.17777778,0.51,1015.04
1071,25981,1.0,1.0,0.7124832438353736,True,17.2,0.52,1015.01
1072,93563,1.0,1.0,0.38430412533156816,True,17.34444444,0.67,1015.95
1073,52603,1.0,1.0,0.6694279741722717,True,19.95,0.58,1015.99
1074,34169,1.0,1.0,1.0,True,17.81111111,0.37,1016.58
1075,23926,1.0,1.0,0.6390745078326086,True,18.7,0.57,1015.84
1076,30720,1.0,1.0,0.4543833692432985,True,18.88888889,0.68,1015.0
